encoding_size,mean_seconds,std_seconds,seqs_per_second,all_times,num_runs,warmup_runs
10,0.019774652707080047,0.00015544950388041712,505.69788244218495,"[0.019885237328708172, 0.019554815255105495, 0.01988390553742647]",3,1
100,0.02359441326310237,0.00023585662754001393,4238.2914499672215,"[0.02387241180986166, 0.023615038953721523, 0.023295789025723934]",3,1
1000,0.19555904436856508,0.003730659381762823,5113.545135326627,"[0.1933937780559063, 0.20080826431512833, 0.19247509073466063]",3,1
5000,0.9846283647542199,0.028034658576364817,5078.058056196752,"[0.967153768055141, 0.9625453455373645, 1.024185980670154]",3,1
10000,1.9633024039988716,0.08009176612230678,5093.458847517281,"[1.9078327920287848, 2.076561347581446, 1.905513072386384]",3,1
50000,9.65611858976384,0.05144444819534551,5178.063994885429,"[9.619902591221035, 9.728871789760888, 9.619581388309598]",3,1
