query_size,database_size,encode_mean,encode_std,db_build_time_one_time,search_mean,search_std,total_mean,total_std,num_runs,warmup_runs
10,1000,0.020039381459355354,7.35704644550441e-05,0.19237798918038607,0.00020703952759504318,5.6504494082354714e-05,0.020246420986950397,9.276513942011712e-05,3,1
100,1000,0.023706066732605297,0.00018812702293477142,0.19237798918038607,0.00017439449826876322,1.1207337129825199e-05,0.02388046123087406,0.00018846055598942068,3,1
1000,1000,0.20936542625228563,0.02177406557242509,0.19237798918038607,0.00030185747891664505,8.61840308237534e-06,0.20966728373120228,0.0217740672780521,3,1
10,10000,0.01973625396688779,9.06939007012548e-05,1.915205660276115,0.0002433511738975843,2.886544171909561e-06,0.019979605140785374,9.073982456267727e-05,3,1
100,10000,0.0235194427271684,0.0002380912445631792,1.915205660276115,0.0003100189690788587,3.76997302457715e-06,0.023829461696247257,0.00023812108985608489,3,1
1000,10000,0.22635626047849655,0.04851514018619201,1.915205660276115,0.00109458373238643,2.1037768662766455e-07,0.227450844210883,0.04851514018664815,3,1
10,100000,0.020591428503394127,0.0002674873669924396,20.130231571383774,0.000799886571864287,3.0859642359146653e-06,0.021391315075258415,0.00026750516756842926,3,1
100,100000,0.023543039647241432,9.700187863983484e-05,20.130231571383774,0.0015454016004999478,1.6834412871744187e-06,0.02508844124774138,9.701648537349005e-05,3,1
1000,100000,0.19217665027827024,0.0027619150487006388,20.130231571383774,0.008295643143355846,2.495537186862593e-06,0.2004722934216261,0.002761916176125717,3,1
