encoding_size,mean_seconds,std_seconds,seqs_per_second,all_times,num_runs,warmup_runs
10,0.020665911957621574,0.0004661749133602338,483.8886384741423,"[0.021017887629568577, 0.020972690545022488, 0.02000715769827366]",3,1
100,0.02396674578388532,0.000251791393129057,4172.447978617008,"[0.023635633289813995, 0.02424575574696064, 0.024018848314881325]",3,1
1000,0.20439519050220648,0.01071577939819259,4892.483025373363,"[0.21657480858266354, 0.20611464325338602, 0.1904961196705699]",3,1
5000,1.2654801706473033,0.35713934774734135,3951.0694169490303,"[1.0286026326939464, 1.7702342830598354, 0.997603596188128]",3,1
10000,2.3562121462697783,0.38819774534693574,4244.1000127392745,"[2.834723618812859, 2.3500150125473738, 1.8838978074491024]",3,1
