query_size,database_size,encode_mean,encode_std,db_build_mean,db_build_std,search_mean,search_std,total_mean,total_std,num_runs,warmup_runs
10,1000,0.020099010318517685,0.0004322673827177949,0.19102921119580665,0.004292145081236946,0.00026185810565948486,0.00013447376924851986,0.21139007961998382,0.00431595269704895,3,1
100,1000,0.024623733945190907,0.0003469330433278546,0.19102921119580665,0.004292145081236946,0.00022872195889552435,8.224323453200083e-05,0.2158816670998931,0.004306928822788406,3,1
1000,1000,0.19978948465238014,0.009493558486637944,0.19102921119580665,0.004292145081236946,0.00029987655580043793,4.687151755994302e-06,0.39111857240398723,0.010418741963739837,3,1
10,10000,0.020087024196982384,0.00020249573075422448,1.9362741789470117,0.036539690707241654,0.0002453736960887909,2.4851289610197563e-06,1.9566065768400829,0.03654025188306345,3,1
100,10000,0.023995048987368744,0.00055199369265331,1.9362741789470117,0.036539690707241654,0.0004317021618286769,0.00014869100052597456,1.9607009300962093,0.03654416236598191,3,1
1000,10000,0.2073521583030621,0.02160166133680472,1.9362741789470117,0.036539690707241654,0.0011218093956510227,3.092353895680584e-05,2.1447481466457248,0.04244739951700396,3,1
10,100000,0.02083667740225792,0.0003696681546271168,19.288339531049132,0.3008108081755171,0.0008029872551560402,3.1874580991288614e-06,19.309979195706546,0.30081103533599324,3,1
100,100000,0.0244611290593942,0.00010461459299372007,19.288339531049132,0.3008108081755171,0.001627645765741666,0.00010028442384306629,19.314428305874266,0.300810843083135,3,1
1000,100000,0.19209472804019848,0.0024490663542859645,19.288339531049132,0.3008108081755171,0.008261614789565405,2.764215641936202e-06,19.488695873878896,0.30082077762158704,3,1
