encoding_size,mean_seconds,std_seconds,seqs_per_second,all_times,num_runs,warmup_runs
10,0.0418256176635623,0.009947273400963599,239.08792167609312,"[0.055787461809813976, 0.03633551858365536, 0.03335387259721756]",3,1
100,0.047458806075155735,0.01728043312615516,2107.0905121726,"[0.07187128439545631, 0.0362237673252821, 0.034281366504728794]",3,1
1000,0.19167191193749508,0.001112731907923948,5217.248525835667,"[0.19311913661658764, 0.1914834761992097, 0.1904131229966879]",3,1
5000,0.9987812864904603,0.015656086304251984,5006.101002922382,"[0.978891828097403, 1.0003012521192431, 1.0171507792547345]",3,1
10000,2.030067823206385,0.12172999310526378,4925.943796402588,"[1.9151826798915863, 2.1985434517264366, 1.976477338001132]",3,1
