query_size,database_size,encode_mean,encode_std,db_build_mean,db_build_std,search_mean,search_std,total_mean,total_std,num_runs,warmup_runs
10,1000,0.020611412823200226,0.000871154635788654,0.19151130908479294,0.0035385702004132285,0.00025529973208904266,0.00012890081358176006,0.2123780216400822,0.003646505845662477,3,1
100,1000,0.024467996321618557,0.0006021115748304805,0.19151130908479294,0.0035385702004132285,0.00016689921418825784,3.908666080042654e-06,0.21614620462059975,0.0035894334775097704,3,1
1000,1000,0.24117062551279864,0.04783047113161616,0.19151130908479294,0.0035385702004132285,0.00029806016633907956,5.002011869299494e-06,0.4329799947639307,0.04796118714914949,3,1
10,10000,0.020794655817250412,0.0010149446782165316,2.0432709539309144,0.1012275562187144,0.0002462991202871005,2.1269195167632436e-06,2.0643119088684516,0.10123264421735022,3,1
100,10000,0.02408720397700866,0.0005422001122284474,2.0432709539309144,0.1012275562187144,0.00030873343348503113,2.389413776692384e-06,2.0676668913414082,0.10122900831621331,3,1
1000,10000,0.19314330536872149,0.0010806246247025172,2.0432709539309144,0.1012275562187144,0.0010955634837349255,2.029041116749396e-06,2.237509822783371,0.1012333240178821,3,1
10,100000,0.019695712563892204,0.0001155549120306254,19.911784950333338,1.0131289023223127,0.0007996475324034691,2.1162425191226846e-06,19.932280310429633,1.0131289089144728,3,1
100,100000,0.023920402241249878,0.0005423293617180456,19.911784950333338,1.0131289023223127,0.0015446549902359645,1.9458702917465695e-06,19.937250007564824,1.0131290474790156,3,1
1000,100000,0.19130586398144564,0.0014815458175827824,19.911784950333338,1.0131289023223127,0.00825790377954642,4.544326914205791e-06,20.11134871809433,1.0131299855988247,3,1
