encoding_size,mean_seconds,std_seconds,structs_per_second,all_times,num_runs,warmup_runs
10,0.16779130138456821,0.013266279073561088,59.59784516528996,"[0.15979435201734304, 0.15709189046174288, 0.18648766167461872]",3,1
100,0.469748445165654,0.07179832248299775,212.87989567423813,"[0.4778962153941393, 0.3780234958976507, 0.5533256242051721]",3,1
1000,4.61062142594407,0.1200692068469046,216.8905029532413,"[4.44165488705039, 4.709687328897417, 4.680522061884403]",3,1
5000,42.75606065709144,24.08356990186922,116.9424854198,"[76.81536413636059, 25.70656685065478, 25.74625098425895]",3,1
10000,149.34958104820302,51.68902582767892,66.9570006813241,"[203.65498107485473, 164.57406513765454, 79.81969693209976]",3,1
50000,978.4526033696408,814.6598853315153,51.10109557459162,"[2123.8104097647592, 297.9650054862723, 513.5823948578909]",3,1
