query_size,database_size,encode_mean,encode_std,db_build_time_one_time,search_mean,search_std,total_mean,total_std,num_runs,warmup_runs
10,1000,0.18760220861683288,0.0047431115493614855,0.9978698762133718,2.0071816944206753,0.080135750340441,2.194783903037508,0.08027599634881635,3,1
100,1000,0.25816843161980313,0.01294099016106208,0.9978698762133718,3.7012480149666467,0.024675465692750885,3.9594164465864496,0.027863019102438116,3,1
1000,1000,0.9791682191813985,0.013657940073980112,0.9978698762133718,30.896744085786242,0.05708241192709239,31.875912304967642,0.0586936204240179,3,1
10,10000,0.17880112398415804,0.0036722166952309686,9.698657994158566,2.2649473901838064,0.017063391353738265,2.4437485141679645,0.017454068292165094,3,1
100,10000,0.2556138727813959,0.007107795898672951,9.698657994158566,5.836919163353741,0.10564373199517446,6.092533036135137,0.10588257114561131,3,1
1000,10000,1.0332477949559689,0.013329040988624773,9.698657994158566,59.53249637347957,0.043152901559028865,60.565744168435536,0.0451645463459966,3,1
10,100000,0.19947584873686233,0.021667859893460047,999.0816772086546,5.573166943155229,0.0561364064163152,5.772642791892092,0.06017301951622778,3,1
100,100000,0.3181501751144727,0.08337819805216971,999.0816772086546,15.859155904191235,0.1117516533364907,16.17730607930571,0.13942867687052773,3,1
1000,100000,1.1252050974095862,0.19772553430308992,999.0816772086546,195.7179438881576,1.8744091290965224,196.84314898556718,1.8848090009748537,3,1
