encoding_size,mean_seconds,std_seconds,seqs_per_second,all_times,num_runs,warmup_runs
10,0.3553493581712246,0.0,28.141319999743786,[0.3553493581712246],1,1
100,3.6675993213430047,0.0,27.265791935903707,[3.6675993213430047],1,1
1000,36.81747613847256,0.0,27.161014411714287,[36.81747613847256],1,1
5000,183.44600402377546,0.0,27.25597663796469,[183.44600402377546],1,1
10000,367.4659767560661,0.0,27.213403777619043,[367.4659767560661],1,1
50000,1867.914070468396,0.0,26.76782663105164,[1867.914070468396],1,1
