query_size,database_size,encode_mean,encode_std,db_build_time_one_time,search_mean,search_std,total_mean,total_std,num_runs,warmup_runs
10,1000,0.01868436671793461,7.144353709915295e-05,2.5951257795095444,0.0002032853662967682,5.267559840396106e-05,0.018887652084231377,8.876315485860916e-05,3,1
100,1000,0.20796937899043164,0.0001181511007284761,2.5951257795095444,0.000167966199417909,1.6426834201761667e-06,0.20813734518984955,0.00011816251948976641,3,1
1000,1000,2.5300415058930716,0.038344430633989963,2.5951257795095444,0.0003023783986767133,6.555557720254525e-06,2.5303438842917485,0.038344431194375604,3,1
10,10000,0.01865063328295946,2.463080384014477e-05,26.796051629818976,0.00024244903276364008,2.5036251673401883e-06,0.018893082315723102,2.4757718731543692e-05,3,1
100,10000,0.20745288177082935,0.00015850472537954981,26.796051629818976,0.00031132840861876804,6.03504972965562e-06,0.20776421017944813,0.00015861957569255418,3,1
1000,10000,2.5155878781030574,0.03945060416480328,26.796051629818976,0.0011006022493044536,2.698444798739597e-06,2.5166884803523617,0.0394506042570909,3,1
10,100000,0.01878276187926531,0.00014230508800856418,264.7698352942243,0.0007978699480493864,3.7189640664620156e-06,0.019580631827314694,0.00014235367493272815,3,1
100,100000,0.20790761522948742,0.00010690018166198565,264.7698352942243,0.0015480127185583115,6.031476285430399e-06,0.20945562794804573,0.0001070701991477892,3,1
1000,100000,2.508613427480062,0.024581217179190505,264.7698352942243,0.008282358447710672,5.757523901262552e-07,2.5168957859277725,0.02458121718593327,3,1
