query_size,database_size,encode_mean,encode_std,db_load_time_one_time,search_mean,search_std,total_mean,total_std,num_runs,warmup_runs
10,1000,0.3563400786370039,0.0,0.21540863439440727,0.0006803218275308609,0.0,0.35702040046453476,0.0,1,1
100,1000,3.6367729771882296,0.0,0.21540863439440727,0.0028706397861242294,0.0,3.639643616974354,0.0,1,1
1000,1000,36.80890995450318,0.0,0.21540863439440727,0.026066774502396584,0.0,36.834976729005575,0.0,1,1
10,10000,0.35603688657283783,0.0,0.021216604858636856,0.006047306582331657,0.0,0.3620841931551695,0.0,1,1
100,10000,3.683491121046245,0.0,0.021216604858636856,0.027776747941970825,0.0,3.711267868988216,0.0,1,1
1000,10000,36.78203814290464,0.0,0.021216604858636856,0.25167495012283325,0.0,37.03371309302747,0.0,1,1
10,100000,0.3557791914790869,0.0,0.019888872280716896,0.006189203821122646,0.0,0.3619683953002095,0.0,1,1
100,100000,3.6607622485607862,0.0,0.019888872280716896,0.03188019059598446,0.0,3.6926424391567707,0.0,1,1
1000,100000,36.69783158879727,0.0,0.019888872280716896,0.3446084903553128,0.0,37.042440079152584,0.0,1,1
