encoding_size,mean_seconds,std_seconds,seqs_per_second,all_times,num_runs,warmup_runs
10,0.021002411531905334,0.0006851010017548486,476.1357992061401,"[0.021311610005795956, 0.020052612759172916, 0.021643011830747128]",3,1
100,0.20721696565548578,0.00044604626770615365,482.58596820811346,"[0.2070734929293394, 0.20675672683864832, 0.20782067719846964]",3,1
1000,2.6197565821930766,0.048487642063349094,381.71485350859206,"[2.687639052979648, 2.5942150354385376, 2.577415658161044]",3,1
5000,17.30313423803697,2.4021063612348366,288.9649893028424,"[20.670350304804742, 15.230213443748653, 16.008838965557516]",3,1
10000,26.886962222556274,0.25424805783620086,371.9274761211477,"[26.693512237630785, 26.721206854097545, 27.24616757594049]",3,1
50000,146.34414339872697,5.599944240730786,341.66040976283404,"[152.15930322464556, 138.78070691600442, 148.09242005553097]",3,1
