encoding_size,mean_seconds,std_seconds,structs_per_second,all_times,num_runs,warmup_runs
10,0.17100162183245024,0.0063564133937849205,58.478977525711066,"[0.17207120172679424, 0.1627371497452259, 0.17819651402533054]",3,1
100,0.32978160430987674,0.004909003616119774,303.2309828477751,"[0.3367156647145748, 0.32602033019065857, 0.3266088180243969]",3,1
1000,4.157830275905629,0.0035558858067408915,240.51005780465323,"[4.155980943702161, 4.154705069959164, 4.162804814055562]",3,1
5000,30.498531013106305,11.388399665580472,163.94232226631905,"[46.60414929687977, 22.462006450630724, 22.429437291808426]",3,1
10000,68.13153044258554,24.88882082967349,146.77492102466422,"[103.27956773620099, 52.1828453745693, 48.93217821698636]",3,1
